{
    "Accuracy": 0.9398117569352709,
    "Precision": 0.9401083202910705,
    "Recall": 0.9398117569352709,
    "F1-Score": 0.9398453748356101,
    "Balanced Accuracy": 0.9389943455178322
}