{
    "Accuracy": 0.8405414328161109,
    "Precision": 0.848833185499847,
    "Recall": 0.8405414328161109,
    "F1-Score": 0.8415537788755607,
    "Balanced Accuracy": 0.8349660675242071
}