{
    "Accuracy": 0.8459379128137384,
    "Precision": 0.8556602090252672,
    "Recall": 0.8459379128137384,
    "F1-Score": 0.8470143425380866,
    "Balanced Accuracy": 0.8401851987188986
}