{
    "Accuracy": 0.9286893364146583,
    "Precision": 0.9288460855412104,
    "Recall": 0.9286893364146583,
    "F1-Score": 0.9287216706056782,
    "Balanced Accuracy": 0.928825345056954
}