{
    "Accuracy": 0.9607687735288291,
    "Precision": 0.9608191234736815,
    "Recall": 0.9607687735288291,
    "F1-Score": 0.9606394027407733,
    "Balanced Accuracy": 0.9615927574037134
}