{
    "Accuracy": 0.9567514031033344,
    "Precision": 0.9566528955881994,
    "Recall": 0.9567514031033344,
    "F1-Score": 0.9565584622461634,
    "Balanced Accuracy": 0.9581635647131613
}