{
    "Accuracy": 0.9625990752972259,
    "Precision": 0.9626445150506833,
    "Recall": 0.9625990752972259,
    "F1-Score": 0.9624909073312442,
    "Balanced Accuracy": 0.9633464866528101
}