{
    "Accuracy": 0.36893203883495146,
    "Precision": 0.13611084927891415,
    "Recall": 0.36893203883495146,
    "F1-Score": 0.19885698547132133,
    "Balanced Accuracy": 0.3333333333333333
}