{
    "Accuracy": 0.5223880597014925,
    "Precision": 0.2728892849186901,
    "Recall": 0.5223880597014925,
    "F1-Score": 0.35850160959906346,
    "Balanced Accuracy": 0.3333333333333333
}