{
    "Accuracy": 0.8749752328115712,
    "Precision": 0.8813339604403554,
    "Recall": 0.8749752328115712,
    "F1-Score": 0.8760197709274729,
    "Balanced Accuracy": 0.8740911235003609
}