{
    "Accuracy": 0.9789687924016283,
    "Precision": 0.9789729829875985,
    "Recall": 0.9789687924016283,
    "F1-Score": 0.9788965439510241,
    "Balanced Accuracy": 0.975994181257339
}