{
    "Accuracy": 0.7042062415196744,
    "Precision": 0.7502544200189505,
    "Recall": 0.7042062415196744,
    "F1-Score": 0.7060705383489189,
    "Balanced Accuracy": 0.7502392344497607
}