{
    "Accuracy": 0.6322930800542741,
    "Precision": 0.6748113289456005,
    "Recall": 0.6322930800542741,
    "F1-Score": 0.6347579474585272,
    "Balanced Accuracy": 0.6810032073189968
}