{
    "Accuracy": 0.8589921405455386,
    "Precision": 0.8620254180364285,
    "Recall": 0.8589921405455386,
    "F1-Score": 0.8591742253786844,
    "Balanced Accuracy": 0.8546831932438806
}