{
    "Accuracy": 0.9838846480067854,
    "Precision": 0.9839695115657016,
    "Recall": 0.9838846480067854,
    "F1-Score": 0.9839151748907043,
    "Balanced Accuracy": 0.9824056729732279
}