{
    "Accuracy": 0.9457627118644067,
    "Precision": 0.9454870545096937,
    "Recall": 0.9457627118644067,
    "F1-Score": 0.9451298381663004,
    "Balanced Accuracy": 0.9381597934229514
}