{
    "Accuracy": 0.5220338983050847,
    "Precision": 0.27251939097960354,
    "Recall": 0.5220338983050847,
    "F1-Score": 0.35809897701106036,
    "Balanced Accuracy": 0.3333333333333333
}