{
    "Accuracy": 0.5224766751484309,
    "Precision": 0.27298187607415897,
    "Recall": 0.5224766751484309,
    "F1-Score": 0.35860237536649964,
    "Balanced Accuracy": 0.3333333333333333
}